ID,graphml
paf0,"<graphml xmlns=""http://graphml.graphdrawing.org/xmlns"" xmlns:xsi=""http://www.w3.org/2001/XMLSchema-instance"" xsi:schemaLocation=""http://graphml.graphdrawing.org/xmlns http://graphml.graphdrawing.org/xmlns/1.0/graphml.xsd"">  <key id=""d0"" for=""node"" attr.name=""names"" attr.type=""string"" />  <graph edgedefault=""undirected"">    <node id=""Hari Seldon"">      <data key=""d0"">Hari Seldon</data>    </node>    <node id=""Cl&#233;on"">      <data key=""d0"">Cl&#233;on</data>    </node>    <node id=""Eto Demerzel"">      <data key=""d0"">Eto Demerzel</data>    </node>    <node id=""Sire"">      <data key=""d0"">Sire</data>    </node>    <node id=""Alban Wellis"">      <data key=""d0"">Alban Wellis</data>    </node>    <node id=""Empereur"">      <data key=""d0"">Empereur</data>    </node>    <node id=""Trantor"">      <data key=""d0"">Trantor</data>    </node>    <node id=""Hummin"">      <data key=""d0"">Hummin</data>    </node>  </graph></graphml>"
paf1,"<graphml xmlns=""http://graphml.graphdrawing.org/xmlns"" xmlns:xsi=""http://www.w3.org/2001/XMLSchema-instance"" xsi:schemaLocation=""http://graphml.graphdrawing.org/xmlns http://graphml.graphdrawing.org/xmlns/1.0/graphml.xsd"">  <key id=""d0"" for=""node"" attr.name=""names"" attr.type=""string"" />  <graph edgedefault=""undirected"">    <node id=""Cl&#233;on Ier"">      <data key=""d0"">Cl&#233;on Ier</data>    </node>    <node id=""Hari Seldon"">      <data key=""d0"">Hari Seldon</data>    </node>    <node id=""Alem"">      <data key=""d0"">Alem</data>    </node>    <node id=""Hummin"">      <data key=""d0"">Hummin</data>    </node>    <node id=""Trantorien"">      <data key=""d0"">Trantorien</data>    </node>    <node id=""H&#233;liconien"">      <data key=""d0"">H&#233;liconien</data>    </node>    <node id=""Anacr&#233;on"">      <data key=""d0"">Anacr&#233;on</data>    </node>    <node id=""Demerzel"">      <data key=""d0"">Demerzel</data>    </node>    <node id=""Trantor"">      <data key=""d0"">Trantor</data>    </node>  </graph></graphml>"
paf2,"<graphml xmlns=""http://graphml.graphdrawing.org/xmlns"" xmlns:xsi=""http://www.w3.org/2001/XMLSchema-instance"" xsi:schemaLocation=""http://graphml.graphdrawing.org/xmlns http://graphml.graphdrawing.org/xmlns/1.0/graphml.xsd"">  <key id=""d0"" for=""node"" attr.name=""names"" attr.type=""string"" />  <graph edgedefault=""undirected"">    <node id=""Hari&#10;Seldon"">      <data key=""d0"">HariSeldon</data>    </node>    <node id=""Hari Seldon"">      <data key=""d0"">Hari Seldon</data>    </node>    <node id=""Chetter Hummin"">      <data key=""d0"">Chetter Hummin</data>    </node>    <node id=""Trantor"">      <data key=""d0"">Trantor</data>    </node>    <node id=""&#233;chouerai"">      <data key=""d0"">&#233;chouerai</data>    </node>    <node id=""Demerzel"">      <data key=""d0"">Demerzel</data>    </node>  </graph></graphml>"
paf3,"<graphml xmlns=""http://graphml.graphdrawing.org/xmlns"" xmlns:xsi=""http://www.w3.org/2001/XMLSchema-instance"" xsi:schemaLocation=""http://graphml.graphdrawing.org/xmlns http://graphml.graphdrawing.org/xmlns/1.0/graphml.xsd"">  <key id=""d0"" for=""node"" attr.name=""names"" attr.type=""string"" />  <graph edgedefault=""undirected"">    <node id=""Hari Seldon"">      <data key=""d0"">Hari Seldon</data>    </node>    <node id=""Chetter Hummin"">      <data key=""d0"">Chetter Hummin</data>    </node>    <node id=""Demerzel"">      <data key=""d0"">Demerzel</data>    </node>    <node id=""Dors Venabili"">      <data key=""d0"">Dors Venabili</data>    </node>    <node id=""Trantor"">      <data key=""d0"">Trantor</data>    </node>    <node id=""Cl&#233;on"">      <data key=""d0"">Cl&#233;on</data>    </node>    <node id=""Empereur"">      <data key=""d0"">Empereur</data>    </node>    <node id=""Sire"">      <data key=""d0"">Sire</data>    </node>    <node id=""Tambourinant"">      <data key=""d0"">Tambourinant</data>    </node>    <node id=""Kan"">      <data key=""d0"">Kan</data>    </node>  </graph></graphml>"
paf4,"<graphml xmlns=""http://graphml.graphdrawing.org/xmlns"" xmlns:xsi=""http://www.w3.org/2001/XMLSchema-instance"" xsi:schemaLocation=""http://graphml.graphdrawing.org/xmlns http://graphml.graphdrawing.org/xmlns/1.0/graphml.xsd"">  <key id=""d0"" for=""node"" attr.name=""names"" attr.type=""string"" />  <graph edgedefault=""undirected"">    <node id=""Hari Seldon"">      <data key=""d0"">Hari Seldon</data>    </node>    <node id=""Lisung Randa"">      <data key=""d0"">Lisung Randa</data>    </node>    <node id=""Kiangtow Randa"">      <data key=""d0"">Kiangtow Randa</data>    </node>    <node id=""Jenarr"">      <data key=""d0"">Jenarr</data>    </node>    <node id=""Taciturne"">      <data key=""d0"">Taciturne</data>    </node>    <node id=""Trantor"">      <data key=""d0"">Trantor</data>    </node>    <node id=""Hummin"">      <data key=""d0"">Hummin</data>    </node>    <node id=""Leggen"">      <data key=""d0"">Leggen</data>    </node>    <node id=""Clowzia"">      <data key=""d0"">Clowzia</data>    </node>    <node id=""Dors Venabili"">      <data key=""d0"">Dors Venabili</data>    </node>    <node id=""Marcher"">      <data key=""d0"">Marcher</data>    </node>  </graph></graphml>"
paf5,"<graphml xmlns=""http://graphml.graphdrawing.org/xmlns"" xmlns:xsi=""http://www.w3.org/2001/XMLSchema-instance"" xsi:schemaLocation=""http://graphml.graphdrawing.org/xmlns http://graphml.graphdrawing.org/xmlns/1.0/graphml.xsd"">  <key id=""d0"" for=""node"" attr.name=""names"" attr.type=""string"" />  <graph edgedefault=""undirected"">    <node id=""Controverse Leggen"">      <data key=""d0"">Controverse Leggen</data>    </node>    <node id=""Hari&#10;Seldon"">      <data key=""d0"">HariSeldon</data>    </node>    <node id=""Dors Venabili"">      <data key=""d0"">Dors Venabili</data>    </node>    <node id=""Jenarr Leggen"">      <data key=""d0"">Jenarr Leggen</data>    </node>    <node id=""H&#233;liconien"">      <data key=""d0"">H&#233;liconien</data>    </node>    <node id=""Hari Seldon"">      <data key=""d0"">Hari Seldon</data>    </node>    <node id=""Clowzia"">      <data key=""d0"">Clowzia</data>    </node>    <node id=""Perplexit&#233; de Benastra"">      <data key=""d0"">Perplexit&#233; de Benastra</data>    </node>    <node id=""Parfait"">      <data key=""d0"">Parfait</data>    </node>    <node id=""Inutile"">      <data key=""d0"">Inutile</data>    </node>  </graph></graphml>"
paf6,"<graphml xmlns=""http://graphml.graphdrawing.org/xmlns"" xmlns:xsi=""http://www.w3.org/2001/XMLSchema-instance"" xsi:schemaLocation=""http://graphml.graphdrawing.org/xmlns http://graphml.graphdrawing.org/xmlns/1.0/graphml.xsd"">  <key id=""d0"" for=""node"" attr.name=""names"" attr.type=""string"" />  <graph edgedefault=""undirected"">    <node id=""Mycog&#232;ne"">      <data key=""d0"">Mycog&#232;ne</data>    </node>    <node id=""Hari Seldon"">      <data key=""d0"">Hari Seldon</data>    </node>    <node id=""Hummin"">      <data key=""d0"">Hummin</data>    </node>    <node id=""Eto Demerzel"">      <data key=""d0"">Eto Demerzel</data>    </node>    <node id=""Leggen"">      <data key=""d0"">Leggen</data>    </node>    <node id=""Primo"">      <data key=""d0"">Primo</data>    </node>    <node id=""Randa"">      <data key=""d0"">Randa</data>    </node>    <node id=""Redites"">      <data key=""d0"">Redites</data>    </node>    <node id=""Hestelonia"">      <data key=""d0"">Hestelonia</data>    </node>    <node id=""Kan"">      <data key=""d0"">Kan</data>    </node>    <node id=""Ziggoreth"">      <data key=""d0"">Ziggoreth</data>    </node>    <node id=""Damiano Nord"">      <data key=""d0"">Damiano Nord</data>    </node>    <node id=""Cl&#233;on"">      <data key=""d0"">Cl&#233;on</data>    </node>    <node id=""Trantor"">      <data key=""d0"">Trantor</data>    </node>    <node id=""Mycog&#233;niens"">      <data key=""d0"">Mycog&#233;niens</data>    </node>    <node id=""Dors Venabili"">      <data key=""d0"">Dors Venabili</data>    </node>  </graph></graphml>"
paf7,"<graphml xmlns=""http://graphml.graphdrawing.org/xmlns"" xmlns:xsi=""http://www.w3.org/2001/XMLSchema-instance"" xsi:schemaLocation=""http://graphml.graphdrawing.org/xmlns http://graphml.graphdrawing.org/xmlns/1.0/graphml.xsd"">  <key id=""d0"" for=""node"" attr.name=""names"" attr.type=""string"" />  <graph edgedefault=""undirected"">    <node id=""Secteur de"">      <data key=""d0"">Secteur de</data>    </node>    <node id=""Mycog&#232;ne"">      <data key=""d0"">Mycog&#232;ne</data>    </node>    <node id=""Hari Seldon"">      <data key=""d0"">Hari Seldon</data>    </node>    <node id=""Endor Levanian"">      <data key=""d0"">Endor Levanian</data>    </node>    <node id=""Chetter Hummin"">      <data key=""d0"">Chetter Hummin</data>    </node>    <node id=""Dors Venabili"">      <data key=""d0"">Dors Venabili</data>    </node>    <node id=""Mycog&#233;nien"">      <data key=""d0"">Mycog&#233;nien</data>    </node>    <node id=""&#201;galitaire"">      <data key=""d0"">&#201;galitaire</data>    </node>    <node id=""Fr&#232;re"">      <data key=""d0"">Fr&#232;re</data>    </node>    <node id=""Mycog&#233;niens"">      <data key=""d0"">Mycog&#233;niens</data>    </node>    <node id=""Grisnuage"">      <data key=""d0"">Grisnuage</data>    </node>  </graph></graphml>"
paf8,"<graphml xmlns=""http://graphml.graphdrawing.org/xmlns"" xmlns:xsi=""http://www.w3.org/2001/XMLSchema-instance"" xsi:schemaLocation=""http://graphml.graphdrawing.org/xmlns http://graphml.graphdrawing.org/xmlns/1.0/graphml.xsd"">  <key id=""d0"" for=""node"" attr.name=""names"" attr.type=""string"" />  <graph edgedefault=""undirected"">    <node id=""Mycog&#232;ne"">      <data key=""d0"">Mycog&#232;ne</data>    </node>    <node id=""Hari Seldon"">      <data key=""d0"">Hari Seldon</data>    </node>    <node id=""Grisnuage"">      <data key=""d0"">Grisnuage</data>    </node>    <node id=""Mycog&#233;niens"">      <data key=""d0"">Mycog&#233;niens</data>    </node>    <node id=""Humanique"">      <data key=""d0"">Humanique</data>    </node>    <node id=""Chetter Hummin"">      <data key=""d0"">Chetter Hummin</data>    </node>    <node id=""Lois"">      <data key=""d0"">Lois</data>    </node>    <node id=""Balivernes"">      <data key=""d0"">Balivernes</data>    </node>    <node id=""Fr&#232;re"">      <data key=""d0"">Fr&#232;re</data>    </node>  </graph></graphml>"
paf9,"<graphml xmlns=""http://graphml.graphdrawing.org/xmlns"" xmlns:xsi=""http://www.w3.org/2001/XMLSchema-instance"" xsi:schemaLocation=""http://graphml.graphdrawing.org/xmlns http://graphml.graphdrawing.org/xmlns/1.0/graphml.xsd"">  <key id=""d0"" for=""node"" attr.name=""names"" attr.type=""string"" />  <graph edgedefault=""undirected"">    <node id=""Hari Seldon"">      <data key=""d0"">Hari Seldon</data>    </node>    <node id=""Fr&#232;re"">      <data key=""d0"">Fr&#232;re</data>    </node>    <node id=""Mycog&#232;ne"">      <data key=""d0"">Mycog&#232;ne</data>    </node>    <node id=""H&#233;liconien"">      <data key=""d0"">H&#233;liconien</data>    </node>    <node id=""Dors Venabili"">      <data key=""d0"">Dors Venabili</data>    </node>    <node id=""Mycog&#233;niens"">      <data key=""d0"">Mycog&#233;niens</data>    </node>  </graph></graphml>"
paf10,"<graphml xmlns=""http://graphml.graphdrawing.org/xmlns"" xmlns:xsi=""http://www.w3.org/2001/XMLSchema-instance"" xsi:schemaLocation=""http://graphml.graphdrawing.org/xmlns http://graphml.graphdrawing.org/xmlns/1.0/graphml.xsd"">  <key id=""d0"" for=""node"" attr.name=""names"" attr.type=""string"" />  <graph edgedefault=""undirected"">    <node id=""Mycog&#232;ne"">      <data key=""d0"">Mycog&#232;ne</data>    </node>    <node id=""Hari Seldon"">      <data key=""d0"">Hari Seldon</data>    </node>    <node id=""Sacratorium"">      <data key=""d0"">Sacratorium</data>    </node>    <node id=""Mycog&#233;niens"">      <data key=""d0"">Mycog&#233;niens</data>    </node>    <node id=""Ridicule"">      <data key=""d0"">Ridicule</data>    </node>    <node id=""Dors Venabili"">      <data key=""d0"">Dors Venabili</data>    </node>    <node id=""Mycog&#233;nien"">      <data key=""d0"">Mycog&#233;nien</data>    </node>    <node id=""Fr&#232;re"">      <data key=""d0"">Fr&#232;re</data>    </node>    <node id=""Myc&#233;lium"">      <data key=""d0"">Myc&#233;lium</data>    </node>    <node id=""Fils"">      <data key=""d0"">Fils</data>    </node>    <node id=""Lissauer"">      <data key=""d0"">Lissauer</data>    </node>    <node id=""Mentone"">      <data key=""d0"">Mentone</data>    </node>    <node id=""Dors&#10;Venabili"">      <data key=""d0"">DorsVenabili</data>    </node>    <node id=""Hummin"">      <data key=""d0"">Hummin</data>    </node>  </graph></graphml>"
paf11,"<graphml xmlns=""http://graphml.graphdrawing.org/xmlns"" xmlns:xsi=""http://www.w3.org/2001/XMLSchema-instance"" xsi:schemaLocation=""http://graphml.graphdrawing.org/xmlns http://graphml.graphdrawing.org/xmlns/1.0/graphml.xsd"">  <key id=""d0"" for=""node"" attr.name=""names"" attr.type=""string"" />  <graph edgedefault=""undirected"">    <node id=""Hari Seldon"">      <data key=""d0"">Hari Seldon</data>    </node>    <node id=""Dors Venabili"">      <data key=""d0"">Dors Venabili</data>    </node>    <node id=""Respirez"">      <data key=""d0"">Respirez</data>    </node>    <node id=""Mycog&#232;ne"">      <data key=""d0"">Mycog&#232;ne</data>    </node>    <node id=""Hummin"">      <data key=""d0"">Hummin</data>    </node>    <node id=""Antennin"">      <data key=""d0"">Antennin</data>    </node>    <node id=""Sacratorium"">      <data key=""d0"">Sacratorium</data>    </node>    <node id=""Fr&#232;re"">      <data key=""d0"">Fr&#232;re</data>    </node>    <node id=""Empereur"">      <data key=""d0"">Empereur</data>    </node>    <node id=""Eto Demerzel"">      <data key=""d0"">Eto Demerzel</data>    </node>    <node id=""Chetter"">      <data key=""d0"">Chetter</data>    </node>  </graph></graphml>"
paf12,"<graphml xmlns=""http://graphml.graphdrawing.org/xmlns"" xmlns:xsi=""http://www.w3.org/2001/XMLSchema-instance"" xsi:schemaLocation=""http://graphml.graphdrawing.org/xmlns http://graphml.graphdrawing.org/xmlns/1.0/graphml.xsd"">  <key id=""d0"" for=""node"" attr.name=""names"" attr.type=""string"" />  <graph edgedefault=""undirected"">    <node id=""Hari Seldon"">      <data key=""d0"">Hari Seldon</data>    </node>    <node id=""Dahl"">      <data key=""d0"">Dahl</data>    </node>    <node id=""Cl&#233;on"">      <data key=""d0"">Cl&#233;on</data>    </node>    <node id=""Demerzel"">      <data key=""d0"">Demerzel</data>    </node>    <node id=""Empereurs"">      <data key=""d0"">Empereurs</data>    </node>    <node id=""Empereur"">      <data key=""d0"">Empereur</data>    </node>    <node id=""Sire"">      <data key=""d0"">Sire</data>    </node>    <node id=""Mycog&#232;ne"">      <data key=""d0"">Mycog&#232;ne</data>    </node>    <node id=""Kan"">      <data key=""d0"">Kan</data>    </node>    <node id=""Ma&#238;tre Seldon"">      <data key=""d0"">Ma&#238;tre Seldon</data>    </node>    <node id=""Hummin"">      <data key=""d0"">Hummin</data>    </node>    <node id=""Dors Venabili"">      <data key=""d0"">Dors Venabili</data>    </node>    <node id=""Trantor"">      <data key=""d0"">Trantor</data>    </node>    <node id=""Ma&#238;tresse Tisalver"">      <data key=""d0"">Ma&#238;tresse Tisalver</data>    </node>    <node id=""Casilia"">      <data key=""d0"">Casilia</data>    </node>    <node id=""Prudent"">      <data key=""d0"">Prudent</data>    </node>    <node id=""Ma&#238;tresse Venabili"">      <data key=""d0"">Ma&#238;tresse Venabili</data>    </node>    <node id=""Hano Lindor"">      <data key=""d0"">Hano Lindor</data>    </node>    <node id=""Amaryl"">      <data key=""d0"">Amaryl</data>    </node>    <node id=""Anat Bigell"">      <data key=""d0"">Anat Bigell</data>    </node>    <node id=""M&#232;re Rittah"">      <data key=""d0"">M&#232;re Rittah</data>    </node>  </graph></graphml>"
paf13,"<graphml xmlns=""http://graphml.graphdrawing.org/xmlns"" xmlns:xsi=""http://www.w3.org/2001/XMLSchema-instance"" xsi:schemaLocation=""http://graphml.graphdrawing.org/xmlns http://graphml.graphdrawing.org/xmlns/1.0/graphml.xsd"">  <key id=""d0"" for=""node"" attr.name=""names"" attr.type=""string"" />  <graph edgedefault=""undirected"">    <node id=""Hari Seldon"">      <data key=""d0"">Hari Seldon</data>    </node>    <node id=""Dors Venabili"">      <data key=""d0"">Dors Venabili</data>    </node>    <node id=""M&#232;re Rittah"">      <data key=""d0"">M&#232;re Rittah</data>    </node>    <node id=""Hari&#10;Seldon"">      <data key=""d0"">HariSeldon</data>    </node>    <node id=""Mycog&#232;ne"">      <data key=""d0"">Mycog&#232;ne</data>    </node>    <node id=""Dahl"">      <data key=""d0"">Dahl</data>    </node>    <node id=""Mycog&#233;niens"">      <data key=""d0"">Mycog&#233;niens</data>    </node>    <node id=""Raison"">      <data key=""d0"">Raison</data>    </node>    <node id=""Hummin"">      <data key=""d0"">Hummin</data>    </node>    <node id=""Demerzel"">      <data key=""d0"">Demerzel</data>    </node>    <node id=""Yugo Amaryl"">      <data key=""d0"">Yugo Amaryl</data>    </node>    <node id=""Casilia"">      <data key=""d0"">Casilia</data>    </node>    <node id=""Tisalver"">      <data key=""d0"">Tisalver</data>    </node>    <node id=""Ma&#238;tre Seldon"">      <data key=""d0"">Ma&#238;tre Seldon</data>    </node>    <node id=""Ma&#238;tresse&#10;Venabili"">      <data key=""d0"">Ma&#238;tresseVenabili</data>    </node>    <node id=""Raych"">      <data key=""d0"">Raych</data>    </node>    <node id=""M&#232;re&#10;Rittah"">      <data key=""d0"">M&#232;reRittah</data>    </node>    <node id=""Trantor"">      <data key=""d0"">Trantor</data>    </node>    <node id=""Marron"">      <data key=""d0"">Marron</data>    </node>  </graph></graphml>"
paf14,"<graphml xmlns=""http://graphml.graphdrawing.org/xmlns"" xmlns:xsi=""http://www.w3.org/2001/XMLSchema-instance"" xsi:schemaLocation=""http://graphml.graphdrawing.org/xmlns http://graphml.graphdrawing.org/xmlns/1.0/graphml.xsd"">  <key id=""d0"" for=""node"" attr.name=""names"" attr.type=""string"" />  <graph edgedefault=""undirected"">    <node id=""Hari Seldon"">      <data key=""d0"">Hari Seldon</data>    </node>    <node id=""Dors Venabili"">      <data key=""d0"">Dors Venabili</data>    </node>    <node id=""Ma&#238;tre Tisalver"">      <data key=""d0"">Ma&#238;tre Tisalver</data>    </node>    <node id=""Ma&#238;tresse Venabili"">      <data key=""d0"">Ma&#238;tresse Venabili</data>    </node>    <node id=""Ma&#238;tresse Tisalver"">      <data key=""d0"">Ma&#238;tresse Tisalver</data>    </node>    <node id=""Raych"">      <data key=""d0"">Raych</data>    </node>    <node id=""Ma&#238;tresse&#10;Tisalver"">      <data key=""d0"">Ma&#238;tresseTisalver</data>    </node>    <node id=""Marlo Tanto"">      <data key=""d0"">Marlo Tanto</data>    </node>    <node id=""Ma&#238;tre Davan"">      <data key=""d0"">Ma&#238;tre Davan</data>    </node>    <node id=""Yugo&#10;Amaryl"">      <data key=""d0"">YugoAmaryl</data>    </node>    <node id=""Dahl"">      <data key=""d0"">Dahl</data>    </node>    <node id=""Hummin"">      <data key=""d0"">Hummin</data>    </node>    <node id=""Demerzel"">      <data key=""d0"">Demerzel</data>    </node>    <node id=""Merci"">      <data key=""d0"">Merci</data>    </node>  </graph></graphml>"
paf15,"<graphml xmlns=""http://graphml.graphdrawing.org/xmlns"" xmlns:xsi=""http://www.w3.org/2001/XMLSchema-instance"" xsi:schemaLocation=""http://graphml.graphdrawing.org/xmlns http://graphml.graphdrawing.org/xmlns/1.0/graphml.xsd"">  <key id=""d0"" for=""node"" attr.name=""names"" attr.type=""string"" />  <graph edgedefault=""undirected"">    <node id=""Hari Seldon"">      <data key=""d0"">Hari Seldon</data>    </node>    <node id=""Raych"">      <data key=""d0"">Raych</data>    </node>    <node id=""Kan"">      <data key=""d0"">Kan</data>    </node>    <node id=""Maire"">      <data key=""d0"">Maire</data>    </node>    <node id=""Dahl"">      <data key=""d0"">Dahl</data>    </node>    <node id=""Empereur"">      <data key=""d0"">Empereur</data>    </node>    <node id=""Ma&#238;tresse Tisalver"">      <data key=""d0"">Ma&#238;tresse Tisalver</data>    </node>    <node id=""Casilia"">      <data key=""d0"">Casilia</data>    </node>    <node id=""Lanel Russ"">      <data key=""d0"">Lanel Russ</data>    </node>    <node id=""Hari     Seldon"">      <data key=""d0"">Hari     Seldon</data>    </node>    <node id=""Dors Venabili de Cinna"">      <data key=""d0"">Dors Venabili de Cinna</data>    </node>    <node id=""Ma&#238;tre Seldon"">      <data key=""d0"">Ma&#238;tre Seldon</data>    </node>    <node id=""Astinwald"">      <data key=""d0"">Astinwald</data>    </node>    <node id=""Davan"">      <data key=""d0"">Davan</data>    </node>    <node id=""Marron"">      <data key=""d0"">Marron</data>    </node>    <node id=""Neutralisez"">      <data key=""d0"">Neutralisez</data>    </node>    <node id=""Hummin"">      <data key=""d0"">Hummin</data>    </node>    <node id=""Mycog&#232;ne"">      <data key=""d0"">Mycog&#232;ne</data>    </node>  </graph></graphml>"
paf16,"<graphml xmlns=""http://graphml.graphdrawing.org/xmlns"" xmlns:xsi=""http://www.w3.org/2001/XMLSchema-instance"" xsi:schemaLocation=""http://graphml.graphdrawing.org/xmlns http://graphml.graphdrawing.org/xmlns/1.0/graphml.xsd"">  <key id=""d0"" for=""node"" attr.name=""names"" attr.type=""string"" />  <graph edgedefault=""undirected"">    <node id=""Kan"">      <data key=""d0"">Kan</data>    </node>    <node id=""Mannix IV"">      <data key=""d0"">Mannix IV</data>    </node>    <node id=""Mycog&#232;ne"">      <data key=""d0"">Mycog&#232;ne</data>    </node>    <node id=""Hari&#10;Seldon"">      <data key=""d0"">HariSeldon</data>    </node>    <node id=""Emmer Thalus"">      <data key=""d0"">Emmer Thalus</data>    </node>    <node id=""Hari Seldon"">      <data key=""d0"">Hari Seldon</data>    </node>    <node id=""Sergent"">      <data key=""d0"">Sergent</data>    </node>    <node id=""Raych"">      <data key=""d0"">Raych</data>    </node>    <node id=""Yugo Amaryl"">      <data key=""d0"">Yugo Amaryl</data>    </node>    <node id=""Davan"">      <data key=""d0"">Davan</data>    </node>    <node id=""Trantor"">      <data key=""d0"">Trantor</data>    </node>    <node id=""Hari amical"">      <data key=""d0"">Hari amical</data>    </node>    <node id=""Chetter Hummin"">      <data key=""d0"">Chetter Hummin</data>    </node>    <node id=""Dahl"">      <data key=""d0"">Dahl</data>    </node>    <node id=""Dors Venabili"">      <data key=""d0"">Dors Venabili</data>    </node>    <node id=""Rachelle"">      <data key=""d0"">Rachelle</data>    </node>    <node id=""Kanite"">      <data key=""d0"">Kanite</data>    </node>    <node id=""Ma&#238;tre Seldon"">      <data key=""d0"">Ma&#238;tre Seldon</data>    </node>    <node id=""Empereur"">      <data key=""d0"">Empereur</data>    </node>  </graph></graphml>"
paf17,"<graphml xmlns=""http://graphml.graphdrawing.org/xmlns"" xmlns:xsi=""http://www.w3.org/2001/XMLSchema-instance"" xsi:schemaLocation=""http://graphml.graphdrawing.org/xmlns http://graphml.graphdrawing.org/xmlns/1.0/graphml.xsd"">  <key id=""d0"" for=""node"" attr.name=""names"" attr.type=""string"" />  <graph edgedefault=""undirected"">    <node id=""Sergent"">      <data key=""d0"">Sergent</data>    </node>    <node id=""Kan"">      <data key=""d0"">Kan</data>    </node>    <node id=""Seldon"">      <data key=""d0"">Seldon</data>    </node>    <node id=""Dors Venabili"">      <data key=""d0"">Dors Venabili</data>    </node>    <node id=""Raych"">      <data key=""d0"">Raych</data>    </node>    <node id=""Chetter Hummin"">      <data key=""d0"">Chetter Hummin</data>    </node>    <node id=""Rachelle Ire"">      <data key=""d0"">Rachelle Ire</data>    </node>    <node id=""Mannix IV"">      <data key=""d0"">Mannix IV</data>    </node>    <node id=""Insinuez"">      <data key=""d0"">Insinuez</data>    </node>    <node id=""Madame le Maire"">      <data key=""d0"">Madame le Maire</data>    </node>    <node id=""Hari"">      <data key=""d0"">Hari</data>    </node>    <node id=""Demerzel"">      <data key=""d0"">Demerzel</data>    </node>    <node id=""Empereur"">      <data key=""d0"">Empereur</data>    </node>    <node id=""Mycog&#232;ne"">      <data key=""d0"">Mycog&#232;ne</data>    </node>    <node id=""Thalus"">      <data key=""d0"">Thalus</data>    </node>    <node id=""Ma&#238;tre&#10;"">      <data key=""d0"">Ma&#238;tre</data>    </node>    <node id=""Dahlite"">      <data key=""d0"">Dahlite</data>    </node>    <node id=""Cl&#233;on"">      <data key=""d0"">Cl&#233;on</data>    </node>  </graph></graphml>"
paf18,"<graphml xmlns=""http://graphml.graphdrawing.org/xmlns"" xmlns:xsi=""http://www.w3.org/2001/XMLSchema-instance"" xsi:schemaLocation=""http://graphml.graphdrawing.org/xmlns http://graphml.graphdrawing.org/xmlns/1.0/graphml.xsd"">  <key id=""d0"" for=""node"" attr.name=""names"" attr.type=""string"" />  <graph edgedefault=""undirected"">    <node id=""Hari&#10;Seldon"">      <data key=""d0"">HariSeldon</data>    </node>    <node id=""Raych Seldon"">      <data key=""d0"">Raych Seldon</data>    </node>    <node id=""Hummin"">      <data key=""d0"">Hummin</data>    </node>    <node id=""Sacratorium de Mycog&#232;ne"">      <data key=""d0"">Sacratorium de Mycog&#232;ne</data>    </node>    <node id=""M&#232;re&#10;Rittah"">      <data key=""d0"">M&#232;reRittah</data>    </node>    <node id=""Mycog&#233;niens"">      <data key=""d0"">Mycog&#233;niens</data>    </node>    <node id=""M&#232;re Rittah"">      <data key=""d0"">M&#232;re Rittah</data>    </node>    <node id=""Tisalver"">      <data key=""d0"">Tisalver</data>    </node>    <node id=""Cl&#233;on"">      <data key=""d0"">Cl&#233;on</data>    </node>    <node id=""Mannix IV de Kan"">      <data key=""d0"">Mannix IV de Kan</data>    </node>    <node id=""Mannix"">      <data key=""d0"">Mannix</data>    </node>    <node id=""Rachelle"">      <data key=""d0"">Rachelle</data>    </node>    <node id=""Maire"">      <data key=""d0"">Maire</data>    </node>    <node id=""Daneel"">      <data key=""d0"">Daneel</data>    </node>    <node id=""Yugo&#10;Amaryl"">      <data key=""d0"">YugoAmaryl</data>    </node>  </graph></graphml>"
lca0,"<graphml xmlns=""http://graphml.graphdrawing.org/xmlns"" xmlns:xsi=""http://www.w3.org/2001/XMLSchema-instance"" xsi:schemaLocation=""http://graphml.graphdrawing.org/xmlns http://graphml.graphdrawing.org/xmlns/1.0/graphml.xsd"">  <key id=""d0"" for=""node"" attr.name=""names"" attr.type=""string"" />  <graph edgedefault=""undirected"">    <node id=""Vince Barrett"">      <data key=""d0"">Vince Barrett</data>    </node>    <node id=""Baley"">      <data key=""d0"">Baley</data>    </node>    <node id=""Enderby"">      <data key=""d0"">Enderby</data>    </node>    <node id=""Spacetown"">      <data key=""d0"">Spacetown</data>    </node>    <node id=""Spaciens"">      <data key=""d0"">Spaciens</data>    </node>    <node id=""Terrien"">      <data key=""d0"">Terrien</data>    </node>    <node id=""Roj Nemennuh Sarton"">      <data key=""d0"">Roj Nemennuh Sarton</data>    </node>    <node id=""Julius"">      <data key=""d0"">Julius</data>    </node>    <node id=""Robot Daneel&#10;Olivaw"">      <data key=""d0"">Robot DaneelOlivaw</data>    </node>  </graph></graphml>"
lca1,"<graphml xmlns=""http://graphml.graphdrawing.org/xmlns"" xmlns:xsi=""http://www.w3.org/2001/XMLSchema-instance"" xsi:schemaLocation=""http://graphml.graphdrawing.org/xmlns http://graphml.graphdrawing.org/xmlns/1.0/graphml.xsd"">  <key id=""d0"" for=""node"" attr.name=""names"" attr.type=""string"" />  <graph edgedefault=""undirected"">    <node id=""Elijah Baley"">      <data key=""d0"">Elijah Baley</data>    </node>    <node id=""Spacetown"">      <data key=""d0"">Spacetown</data>    </node>    <node id=""Terrien"">      <data key=""d0"">Terrien</data>    </node>    <node id=""Julius Enderby"">      <data key=""d0"">Julius Enderby</data>    </node>    <node id=""Olivaw"">      <data key=""d0"">Olivaw</data>    </node>    <node id=""Montons"">      <data key=""d0"">Montons</data>    </node>    <node id=""Daneel"">      <data key=""d0"">Daneel</data>    </node>  </graph></graphml>"
lca2,"<graphml xmlns=""http://graphml.graphdrawing.org/xmlns"" xmlns:xsi=""http://www.w3.org/2001/XMLSchema-instance"" xsi:schemaLocation=""http://graphml.graphdrawing.org/xmlns http://graphml.graphdrawing.org/xmlns/1.0/graphml.xsd"">  <key id=""d0"" for=""node"" attr.name=""names"" attr.type=""string"" />  <graph edgedefault=""undirected"">    <node id=""Baley"">      <data key=""d0"">Baley</data>    </node>    <node id=""Messieurs"">      <data key=""d0"">Messieurs</data>    </node>    <node id=""Boris"">      <data key=""d0"">Boris</data>    </node>    <node id=""Daneel"">      <data key=""d0"">Daneel</data>    </node>  </graph></graphml>"
lca3,"<graphml xmlns=""http://graphml.graphdrawing.org/xmlns"" xmlns:xsi=""http://www.w3.org/2001/XMLSchema-instance"" xsi:schemaLocation=""http://graphml.graphdrawing.org/xmlns http://graphml.graphdrawing.org/xmlns/1.0/graphml.xsd"">  <key id=""d0"" for=""node"" attr.name=""names"" attr.type=""string"" />  <graph edgedefault=""undirected"">    <node id=""De Jessica"">      <data key=""d0"">De Jessica</data>    </node>    <node id=""J&#233;zabel"">      <data key=""d0"">J&#233;zabel</data>    </node>    <node id=""Lije Baley"">      <data key=""d0"">Lije Baley</data>    </node>    <node id=""Elie"">      <data key=""d0"">Elie</data>    </node>    <node id=""Julius&#10;Enderby"">      <data key=""d0"">JuliusEnderby</data>    </node>    <node id=""Jessie"">      <data key=""d0"">Jessie</data>    </node>    <node id=""Ahab"">      <data key=""d0"">Ahab</data>    </node>    <node id=""J&#233;horam"">      <data key=""d0"">J&#233;horam</data>    </node>    <node id=""J&#233;hu galopa"">      <data key=""d0"">J&#233;hu galopa</data>    </node>    <node id=""Jesreel"">      <data key=""d0"">Jesreel</data>    </node>    <node id=""Baal"">      <data key=""d0"">Baal</data>    </node>    <node id=""Naboth"">      <data key=""d0"">Naboth</data>    </node>    <node id=""Bentley Baley"">      <data key=""d0"">Bentley Baley</data>    </node>    <node id=""Daneel Olivaw"">      <data key=""d0"">Daneel Olivaw</data>    </node>    <node id=""Ben"">      <data key=""d0"">Ben</data>    </node>    <node id=""Daneel&#10;Olivaw"">      <data key=""d0"">DaneelOlivaw</data>    </node>  </graph></graphml>"
lca4,"<graphml xmlns=""http://graphml.graphdrawing.org/xmlns"" xmlns:xsi=""http://www.w3.org/2001/XMLSchema-instance"" xsi:schemaLocation=""http://graphml.graphdrawing.org/xmlns http://graphml.graphdrawing.org/xmlns/1.0/graphml.xsd"">  <key id=""d0"" for=""node"" attr.name=""names"" attr.type=""string"" />  <graph edgedefault=""undirected"">    <node id=""Olivaw"">      <data key=""d0"">Olivaw</data>    </node>    <node id=""Baley"">      <data key=""d0"">Baley</data>    </node>    <node id=""Daneel"">      <data key=""d0"">Daneel</data>    </node>    <node id=""Spacien"">      <data key=""d0"">Spacien</data>    </node>    <node id=""Spacetown"">      <data key=""d0"">Spacetown</data>    </node>    <node id=""Dr Sarton"">      <data key=""d0"">Dr Sarton</data>    </node>    <node id=""Terrien"">      <data key=""d0"">Terrien</data>    </node>    <node id=""Le Dr Sarton"">      <data key=""d0"">Le Dr Sarton</data>    </node>    <node id=""Spaciens"">      <data key=""d0"">Spaciens</data>    </node>    <node id=""Julius Enderby"">      <data key=""d0"">Julius Enderby</data>    </node>  </graph></graphml>"
lca5,"<graphml xmlns=""http://graphml.graphdrawing.org/xmlns"" xmlns:xsi=""http://www.w3.org/2001/XMLSchema-instance"" xsi:schemaLocation=""http://graphml.graphdrawing.org/xmlns http://graphml.graphdrawing.org/xmlns/1.0/graphml.xsd"">  <key id=""d0"" for=""node"" attr.name=""names"" attr.type=""string"" />  <graph edgedefault=""undirected"">    <node id=""Elijah Baley"">      <data key=""d0"">Elijah Baley</data>    </node>    <node id=""Julius Enderby"">      <data key=""d0"">Julius Enderby</data>    </node>    <node id=""Spaciens"">      <data key=""d0"">Spaciens</data>    </node>    <node id=""Daneel"">      <data key=""d0"">Daneel</data>    </node>  </graph></graphml>"
lca6,"<graphml xmlns=""http://graphml.graphdrawing.org/xmlns"" xmlns:xsi=""http://www.w3.org/2001/XMLSchema-instance"" xsi:schemaLocation=""http://graphml.graphdrawing.org/xmlns http://graphml.graphdrawing.org/xmlns/1.0/graphml.xsd"">  <key id=""d0"" for=""node"" attr.name=""names"" attr.type=""string"" />  <graph edgedefault=""undirected"">    <node id=""Daneel"">      <data key=""d0"">Daneel</data>    </node>    <node id=""Enderby"">      <data key=""d0"">Enderby</data>    </node>    <node id=""Baley"">      <data key=""d0"">Baley</data>    </node>    <node id=""Spacetown"">      <data key=""d0"">Spacetown</data>    </node>    <node id=""Spacien"">      <data key=""d0"">Spacien</data>    </node>    <node id=""Dr Han Fastolfe"">      <data key=""d0"">Dr Han Fastolfe</data>    </node>    <node id=""Dr Fastolfe"">      <data key=""d0"">Dr Fastolfe</data>    </node>    <node id=""Dr Sarton"">      <data key=""d0"">Dr Sarton</data>    </node>  </graph></graphml>"
lca7,"<graphml xmlns=""http://graphml.graphdrawing.org/xmlns"" xmlns:xsi=""http://www.w3.org/2001/XMLSchema-instance"" xsi:schemaLocation=""http://graphml.graphdrawing.org/xmlns http://graphml.graphdrawing.org/xmlns/1.0/graphml.xsd"">  <key id=""d0"" for=""node"" attr.name=""names"" attr.type=""string"" />  <graph edgedefault=""undirected"">    <node id=""Enderby"">      <data key=""d0"">Enderby</data>    </node>    <node id=""Julius"">      <data key=""d0"">Julius</data>    </node>    <node id=""Spaciens"">      <data key=""d0"">Spaciens</data>    </node>    <node id=""Dr Sarton"">      <data key=""d0"">Dr Sarton</data>    </node>    <node id=""Baley"">      <data key=""d0"">Baley</data>    </node>    <node id=""Dr&#10;Sarton"">      <data key=""d0"">DrSarton</data>    </node>    <node id=""Dr Fastolfe"">      <data key=""d0"">Dr Fastolfe</data>    </node>    <node id=""Daneel Olivaw"">      <data key=""d0"">Daneel Olivaw</data>    </node>    <node id=""Elijah"">      <data key=""d0"">Elijah</data>    </node>    <node id=""Spacetown"">      <data key=""d0"">Spacetown</data>    </node>    <node id=""Terrien"">      <data key=""d0"">Terrien</data>    </node>    <node id=""Supposez"">      <data key=""d0"">Supposez</data>    </node>  </graph></graphml>"
lca8,"<graphml xmlns=""http://graphml.graphdrawing.org/xmlns"" xmlns:xsi=""http://www.w3.org/2001/XMLSchema-instance"" xsi:schemaLocation=""http://graphml.graphdrawing.org/xmlns http://graphml.graphdrawing.org/xmlns/1.0/graphml.xsd"">  <key id=""d0"" for=""node"" attr.name=""names"" attr.type=""string"" />  <graph edgedefault=""undirected"">    <node id=""Monsieur Baley"">      <data key=""d0"">Monsieur Baley</data>    </node>    <node id=""Dr Fastolfe"">      <data key=""d0"">Dr Fastolfe</data>    </node>    <node id=""Spacetown"">      <data key=""d0"">Spacetown</data>    </node>    <node id=""Terrien"">      <data key=""d0"">Terrien</data>    </node>    <node id=""Spaciens"">      <data key=""d0"">Spaciens</data>    </node>    <node id=""Daneel"">      <data key=""d0"">Daneel</data>    </node>  </graph></graphml>"
lca9,"<graphml xmlns=""http://graphml.graphdrawing.org/xmlns"" xmlns:xsi=""http://www.w3.org/2001/XMLSchema-instance"" xsi:schemaLocation=""http://graphml.graphdrawing.org/xmlns http://graphml.graphdrawing.org/xmlns/1.0/graphml.xsd"">  <key id=""d0"" for=""node"" attr.name=""names"" attr.type=""string"" />  <graph edgedefault=""undirected"">    <node id=""Baley"">      <data key=""d0"">Baley</data>    </node>    <node id=""Enderby"">      <data key=""d0"">Enderby</data>    </node>    <node id=""Dr Sarton"">      <data key=""d0"">Dr Sarton</data>    </node>    <node id=""Spaciens"">      <data key=""d0"">Spaciens</data>    </node>    <node id=""Julius"">      <data key=""d0"">Julius</data>    </node>    <node id=""Spacetown"">      <data key=""d0"">Spacetown</data>    </node>    <node id=""Dr Fastolfe"">      <data key=""d0"">Dr Fastolfe</data>    </node>    <node id=""Daneel"">      <data key=""d0"">Daneel</data>    </node>    <node id=""Terrien"">      <data key=""d0"">Terrien</data>    </node>    <node id=""Shakespeare"">      <data key=""d0"">Shakespeare</data>    </node>    <node id=""Churchill"">      <data key=""d0"">Churchill</data>    </node>    <node id=""Adam"">      <data key=""d0"">Adam</data>    </node>  </graph></graphml>"
lca10,"<graphml xmlns=""http://graphml.graphdrawing.org/xmlns"" xmlns:xsi=""http://www.w3.org/2001/XMLSchema-instance"" xsi:schemaLocation=""http://graphml.graphdrawing.org/xmlns http://graphml.graphdrawing.org/xmlns/1.0/graphml.xsd"">  <key id=""d0"" for=""node"" attr.name=""names"" attr.type=""string"" />  <graph edgedefault=""undirected"">    <node id=""Elijah Baley"">      <data key=""d0"">Elijah Baley</data>    </node>    <node id=""Spacetown"">      <data key=""d0"">Spacetown</data>    </node>    <node id=""Ben"">      <data key=""d0"">Ben</data>    </node>    <node id=""Daneel"">      <data key=""d0"">Daneel</data>    </node>  </graph></graphml>"
lca11,"<graphml xmlns=""http://graphml.graphdrawing.org/xmlns"" xmlns:xsi=""http://www.w3.org/2001/XMLSchema-instance"" xsi:schemaLocation=""http://graphml.graphdrawing.org/xmlns http://graphml.graphdrawing.org/xmlns/1.0/graphml.xsd"">  <key id=""d0"" for=""node"" attr.name=""names"" attr.type=""string"" />  <graph edgedefault=""undirected"">    <node id=""Baley"">      <data key=""d0"">Baley</data>    </node>    <node id=""Enderby"">      <data key=""d0"">Enderby</data>    </node>    <node id=""Julius"">      <data key=""d0"">Julius</data>    </node>    <node id=""Francis&#10;Clousarr"">      <data key=""d0"">FrancisClousarr</data>    </node>    <node id=""Paul Gerhard"">      <data key=""d0"">Paul Gerhard</data>    </node>    <node id=""Gerrigel"">      <data key=""d0"">Gerrigel</data>    </node>    <node id=""Chester"">      <data key=""d0"">Chester</data>    </node>    <node id=""Heisenberg"">      <data key=""d0"">Heisenberg</data>    </node>    <node id=""Incertitude"">      <data key=""d0"">Incertitude</data>    </node>    <node id=""Daneel"">      <data key=""d0"">Daneel</data>    </node>    <node id=""Terrien"">      <data key=""d0"">Terrien</data>    </node>  </graph></graphml>"
lca12,"<graphml xmlns=""http://graphml.graphdrawing.org/xmlns"" xmlns:xsi=""http://www.w3.org/2001/XMLSchema-instance"" xsi:schemaLocation=""http://graphml.graphdrawing.org/xmlns http://graphml.graphdrawing.org/xmlns/1.0/graphml.xsd"">  <key id=""d0"" for=""node"" attr.name=""names"" attr.type=""string"" />  <graph edgedefault=""undirected"">    <node id=""Gerrigel"">      <data key=""d0"">Gerrigel</data>    </node>    <node id=""Baley"">      <data key=""d0"">Baley</data>    </node>    <node id=""Daneel"">      <data key=""d0"">Daneel</data>    </node>    <node id=""Manuel"">      <data key=""d0"">Manuel</data>    </node>    <node id=""Norris"">      <data key=""d0"">Norris</data>    </node>    <node id=""Vince Barrett"">      <data key=""d0"">Vince Barrett</data>    </node>    <node id=""Phil"">      <data key=""d0"">Phil</data>    </node>    <node id=""Julius Enderby"">      <data key=""d0"">Julius Enderby</data>    </node>    <node id=""Dr Sarton"">      <data key=""d0"">Dr Sarton</data>    </node>    <node id=""Dr&#10;Fastolfe"">      <data key=""d0"">DrFastolfe</data>    </node>    <node id=""Spacetown"">      <data key=""d0"">Spacetown</data>    </node>    <node id=""Jessie"">      <data key=""d0"">Jessie</data>    </node>  </graph></graphml>"
lca13,"<graphml xmlns=""http://graphml.graphdrawing.org/xmlns"" xmlns:xsi=""http://www.w3.org/2001/XMLSchema-instance"" xsi:schemaLocation=""http://graphml.graphdrawing.org/xmlns http://graphml.graphdrawing.org/xmlns/1.0/graphml.xsd"">  <key id=""d0"" for=""node"" attr.name=""names"" attr.type=""string"" />  <graph edgedefault=""undirected"">    <node id=""Baley"">      <data key=""d0"">Baley</data>    </node>    <node id=""Daneel"">      <data key=""d0"">Daneel</data>    </node>    <node id=""Jessie"">      <data key=""d0"">Jessie</data>    </node>    <node id=""Lizzy"">      <data key=""d0"">Lizzy</data>    </node>    <node id=""Spaciens"">      <data key=""d0"">Spaciens</data>    </node>    <node id=""Jane Myers"">      <data key=""d0"">Jane Myers</data>    </node>    <node id=""Elisabeth"">      <data key=""d0"">Elisabeth</data>    </node>    <node id=""J&#233;zabel"">      <data key=""d0"">J&#233;zabel</data>    </node>    <node id=""Joseph Klemin"">      <data key=""d0"">Joseph Klemin</data>    </node>    <node id=""J&#233;sus"">      <data key=""d0"">J&#233;sus</data>    </node>    <node id=""Francis Clousarr"">      <data key=""d0"">Francis Clousarr</data>    </node>  </graph></graphml>"
lca14,"<graphml xmlns=""http://graphml.graphdrawing.org/xmlns"" xmlns:xsi=""http://www.w3.org/2001/XMLSchema-instance"" xsi:schemaLocation=""http://graphml.graphdrawing.org/xmlns http://graphml.graphdrawing.org/xmlns/1.0/graphml.xsd"">  <key id=""d0"" for=""node"" attr.name=""names"" attr.type=""string"" />  <graph edgedefault=""undirected"">    <node id=""Boris"">      <data key=""d0"">Boris</data>    </node>    <node id=""Baley"">      <data key=""d0"">Baley</data>    </node>    <node id=""Francis Clousarr"">      <data key=""d0"">Francis Clousarr</data>    </node>    <node id=""Daneel"">      <data key=""d0"">Daneel</data>    </node>    <node id=""Niez"">      <data key=""d0"">Niez</data>    </node>    <node id=""M&#233;di&#233;valistes"">      <data key=""d0"">M&#233;di&#233;valistes</data>    </node>    <node id=""Dr Fastolfe"">      <data key=""d0"">Dr Fastolfe</data>    </node>    <node id=""Dieu du Ciel"">      <data key=""d0"">Dieu du Ciel</data>    </node>    <node id=""Enderby"">      <data key=""d0"">Enderby</data>    </node>  </graph></graphml>"
lca15,"<graphml xmlns=""http://graphml.graphdrawing.org/xmlns"" xmlns:xsi=""http://www.w3.org/2001/XMLSchema-instance"" xsi:schemaLocation=""http://graphml.graphdrawing.org/xmlns http://graphml.graphdrawing.org/xmlns/1.0/graphml.xsd"">  <key id=""d0"" for=""node"" attr.name=""names"" attr.type=""string"" />  <graph edgedefault=""undirected"">    <node id=""Francis"">      <data key=""d0"">Francis</data>    </node>    <node id=""Baley"">      <data key=""d0"">Baley</data>    </node>    <node id=""Daneel"">      <data key=""d0"">Daneel</data>    </node>    <node id=""Enderby"">      <data key=""d0"">Enderby</data>    </node>    <node id=""Ciel"">      <data key=""d0"">Ciel</data>    </node>    <node id=""Julius"">      <data key=""d0"">Julius</data>    </node>    <node id=""Docteur Gerrigel"">      <data key=""d0"">Docteur Gerrigel</data>    </node>    <node id=""Vince Barrett"">      <data key=""d0"">Vince Barrett</data>    </node>    <node id=""Spacetown"">      <data key=""d0"">Spacetown</data>    </node>  </graph></graphml>"
lca16,"<graphml xmlns=""http://graphml.graphdrawing.org/xmlns"" xmlns:xsi=""http://www.w3.org/2001/XMLSchema-instance"" xsi:schemaLocation=""http://graphml.graphdrawing.org/xmlns http://graphml.graphdrawing.org/xmlns/1.0/graphml.xsd"">  <key id=""d0"" for=""node"" attr.name=""names"" attr.type=""string"" />  <graph edgedefault=""undirected"">    <node id=""Spacetown"">      <data key=""d0"">Spacetown</data>    </node>    <node id=""Elijah Baley"">      <data key=""d0"">Elijah Baley</data>    </node>    <node id=""Ciel"">      <data key=""d0"">Ciel</data>    </node>    <node id=""Dr Sarton"">      <data key=""d0"">Dr Sarton</data>    </node>    <node id=""Spaciens"">      <data key=""d0"">Spaciens</data>    </node>    <node id=""Dr Fastolfe"">      <data key=""d0"">Dr Fastolfe</data>    </node>    <node id=""M&#233;di&#233;valistes"">      <data key=""d0"">M&#233;di&#233;valistes</data>    </node>    <node id=""Daneel"">      <data key=""d0"">Daneel</data>    </node>    <node id=""Enderby"">      <data key=""d0"">Enderby</data>    </node>    <node id=""Francis&#10;Clousarr"">      <data key=""d0"">FrancisClousarr</data>    </node>    <node id=""Doucement"">      <data key=""d0"">Doucement</data>    </node>  </graph></graphml>"
lca17,"<graphml xmlns=""http://graphml.graphdrawing.org/xmlns"" xmlns:xsi=""http://www.w3.org/2001/XMLSchema-instance"" xsi:schemaLocation=""http://graphml.graphdrawing.org/xmlns http://graphml.graphdrawing.org/xmlns/1.0/graphml.xsd"">  <key id=""d0"" for=""node"" attr.name=""names"" attr.type=""string"" />  <graph edgedefault=""undirected"">    <node id=""Julius Enderby"">      <data key=""d0"">Julius Enderby</data>    </node>    <node id=""Baley"">      <data key=""d0"">Baley</data>    </node>    <node id=""Dr Sarton"">      <data key=""d0"">Dr Sarton</data>    </node>    <node id=""J&#233;zabel"">      <data key=""d0"">J&#233;zabel</data>    </node>    <node id=""Spacetown"">      <data key=""d0"">Spacetown</data>    </node>    <node id=""Ciel"">      <data key=""d0"">Ciel</data>    </node>    <node id=""Spacien"">      <data key=""d0"">Spacien</data>    </node>    <node id=""Daneel"">      <data key=""d0"">Daneel</data>    </node>    <node id=""Jessie"">      <data key=""d0"">Jessie</data>    </node>    <node id=""M&#233;di&#233;valistes"">      <data key=""d0"">M&#233;di&#233;valistes</data>    </node>    <node id=""Terrien"">      <data key=""d0"">Terrien</data>    </node>    <node id=""M&#233;di&#233;valiste"">      <data key=""d0"">M&#233;di&#233;valiste</data>    </node>    <node id=""Dr Fastolfe"">      <data key=""d0"">Dr Fastolfe</data>    </node>    <node id=""Dr&#10;Sarton"">      <data key=""d0"">DrSarton</data>    </node>  </graph></graphml>"
